{
  "project_info": {
    "project_number": "201061857358",
    "project_id": "finalproject-5bb43",
    "storage_bucket": "finalproject-5bb43.appspot.com"
  },
  "client": [
    {
      "client_info": {
        "mobilesdk_app_id": "1:201061857358:android:66e8e1217fab43ac1aeb1f",
        "android_client_info": {
          "package_name": "com.torres.finalproject"
        }
      },
      "oauth_client": [],
      "api_key": [
        {
          "current_key": "AIzaSyCNL5eYfyLbn69rsts2aWebmXBG8x22-OA"
        }
      ],
      "services": {
        "appinvite_service": {
          "other_platform_oauth_client": []
        }
      }
    }
  ],
  "configuration_version": "1"
}