{
  "formatVersion": 1,
  "database": {
    "version": 1,
    "identityHash": "0921e957cbfafa73e66341687fa13b98",
    "entities": [
      {
        "tableName": "users",
        "createSql": "CREATE TABLE IF NOT EXISTS `${TABLE_NAME}` (`id_user` INTEGER PRIMARY KEY AUTOINCREMENT NOT NULL, `name_user` TEXT, `password_user` TEXT)",
        "fields": [
          {
            "fieldPath": "id",
            "columnName": "id_user",
            "affinity": "INTEGER",
            "notNull": true
          },
          {
            "fieldPath": "name",
            "columnName": "name_user",
            "affinity": "TEXT",
            "notNull": false
          },
          {
            "fieldPath": "password",
            "columnName": "password_user",
            "affinity": "TEXT",
            "notNull": false
          }
        ],
        "primaryKey": {
          "autoGenerate": true,
          "columnNames": [
            "id_user"
          ]
        },
        "indices": [],
        "foreignKeys": []
      }
    ],
    "views": [],
    "setupQueries": [
      "CREATE TABLE IF NOT EXISTS room_master_table (id INTEGER PRIMARY KEY,identity_hash TEXT)",
      "INSERT OR REPLACE INTO room_master_table (id,identity_hash) VALUES(42, '0921e957cbfafa73e66341687fa13b98')"
    ]
  }
}