{
  "formatVersion": 1,
  "database": {
    "version": 2,
    "identityHash": "ef1d3ce48db7cdc78373d262b2f78d58",
    "entities": [
      {
        "tableName": "users",
        "createSql": "CREATE TABLE IF NOT EXISTS `${TABLE_NAME}` (`id_user` INTEGER PRIMARY KEY AUTOINCREMENT NOT NULL, `name_user` TEXT, `password_user` TEXT, `other_user` TEXT NOT NULL DEFAULT '')",
        "fields": [
          {
            "fieldPath": "id",
            "columnName": "id_user",
            "affinity": "INTEGER",
            "notNull": true
          },
          {
            "fieldPath": "name",
            "columnName": "name_user",
            "affinity": "TEXT",
            "notNull": false
          },
          {
            "fieldPath": "password",
            "columnName": "password_user",
            "affinity": "TEXT",
            "notNull": false
          },
          {
            "fieldPath": "other",
            "columnName": "other_user",
            "affinity": "TEXT",
            "notNull": true,
            "defaultValue": "''"
          }
        ],
        "primaryKey": {
          "autoGenerate": true,
          "columnNames": [
            "id_user"
          ]
        },
        "indices": [],
        "foreignKeys": []
      }
    ],
    "views": [],
    "setupQueries": [
      "CREATE TABLE IF NOT EXISTS room_master_table (id INTEGER PRIMARY KEY,identity_hash TEXT)",
      "INSERT OR REPLACE INTO room_master_table (id,identity_hash) VALUES(42, 'ef1d3ce48db7cdc78373d262b2f78d58')"
    ]
  }
}